Question,Option_A,Option_B,Option_C,Option_D,Correct_Answer
"What does a positive skew in a data set indicate?","Mean is less than the median","Mean is greater than the median","Symmetrical distribution","Both mean and median are equal","B"
"What is the skewness of a perfectly symmetrical distribution?","1","0.5","0","-1","C"
"In a negatively skewed distribution, which is true?","Mode > Median > Mean","Mean > Median > Mode","Mean = Median = Mode","Median > Mean > Mode","A"
"What does a skewness value close to 0 indicate?","Highly skewed distribution","Moderately skewed distribution","Symmetrical distribution","Undefined skewness","C"
"For a data set with a positive skew, which measure of central tendency is typically the largest?","Mean","Median","Mode","Standard deviation","A"
"Which moment of a distribution does skewness technically measure?","First moment","Second moment","Third moment","Fourth moment","C"
"If a distribution has a long left tail, it is said to be:","Positively Skewed","Negatively Skewed","Uniformly Skewed","Bimodal Skewed","B"
"In a normal distribution, the skewness should ideally be:","1","0","-1","It varies","B"
"What impact does outlier(s) on the right side of the distribution have on skewness?","Decrease skewness","Increase skewness","No impact","Makes distribution symmetrical","B"
"Which is not a method for measuring skewness?","Pearson's first coefficient of skewness","Karl Pearson's coefficient","Bowley's measure","Chebyshev’s theorem","D"
"What is the primary purpose of the Chi-Square test?","To test the mean of a single sample","To compare variances between samples","To test independence between two variables","To estimate the population variance from a sample","C"
"In a Chi-Square test for independence, what does a significant result imply?","Variables are correlated","Variables are independent","Cannot determine anything about the variables","None of the above","A"
"What type of data is required for a Chi-Square test?","Interval data","Ratio data","Nominal or ordinal data","Continuous data","C"
"What does a Chi-Square test for goodness of fit determine?","If observed frequencies match expected frequencies for a single categorical variable","The fit of a regression model","The correlation between two variables","The variance of a dataset","A"
"In a Chi-Square test, what does a higher value of Chi-Square indicate?","A better fit between observed and expected values","A worse fit between observed and expected values","No relationship between observed and expected values","None of the above","B"
"What assumption must be met for the expected frequencies in a Chi-Square test?","All expected frequencies are at least 5","No more than 20% of expected frequencies are less than 5","At least 80% of expected frequencies are more than 1","All expected frequencies are at least 1","B"
"What does the degrees of freedom (df) in a Chi-Square test indicate?","Number of categories minus one","Number of observations minus one","Number of observations minus number of categories","(Rows-1)*(Columns-1) for a contingency table","D"
"In a Chi-Square test for independence, which of the following can affect the power of the test?","Sample size","Effect size","Both sample size and effect size","None of the above","C"
"For a 2x2 contingency table, what test is often used in place of the Chi-Square test for better accuracy with small sample sizes?","T-test","ANOVA","Fisher's Exact Test","Mann-Whitney U Test","C"
"What is the null hypothesis in a Chi-Square test of independence?","There is a significant difference between the observed and expected frequencies","The variables are not independent","There is no significant difference between the observed and expected frequencies","The variables are independent","D"
"Question","Option A","Option B","Option C","Option D","Correct Answer"
"What does a Z-test typically test for?","Independence of two variables","Difference between two variances","Difference between two population means","Correlation between two variables","C"
"When is it appropriate to use a Z-test instead of a T-test?","When the sample size is small","When the population variance is unknown","When the sample size is large and the population variance is known","When the data is not normally distributed","C"
"In a Z-test, what does a Z-score represent?","Number of standard deviations a data point is from the population mean","Variance of the sample","Skewness of the distribution","Difference between sample mean and population mean","A"
"What is the null hypothesis in a two-sample Z-test for the difference in means?","The population variances are equal","The sample means are equal","The population means are different","The population means are equal","D"
"For a Z-test, which of the following assumptions must be met?","Data is collected randomly, samples are independent, and data is normally distributed","Data is collected randomly and the Central Limit Theorem applies","Samples are independent and population variance is known","All of the above","D"
"What is a Type I error in the context of a Z-test?","Rejecting a true null hypothesis","Failing to reject a false null hypothesis","Accepting a true alternative hypothesis","None of the above","A"
"How does sample size affect the standard error in a Z-test?","As sample size increases, standard error increases","As sample size increases, standard error decreases","Sample size has no effect on standard error","As sample size increases, standard error remains constant","B"
"What does a negative Z-score indicate in a one-sample Z-test?","Sample mean is greater than the population mean","Sample mean is less than the population mean","Population variance is known","Sample size is too small","B"
"In a Z-test, if the p-value is less than the alpha level, what is the decision?","Fail to reject the null hypothesis","Reject the null hypothesis","Increase the sample size","None of the above","B"
"Which Z-test would you use to test the mean of a single population against a known value?","Two-sample Z-test","Paired Z-test","One-sample Z-test","Z-test for proportions","C"
"In Directional Data Analytics, what does the term 'directional data' refer to?","Data with a linear trend","Data points that have a direction and magnitude","Time-series data","Categorical data","B"
"What is the primary difference between linear and circular mean?","Circular mean accounts for the directionality of data","Linear mean is used for scalar quantities","Circular mean is more complex to calculate","Both A and B","D"
"Which of the following is a common distribution used in Directional Data Analytics?","Normal distribution","von Mises distribution","Bernoulli distribution","Poisson distribution","B"
"What is a common application of Directional Data Analytics?","Economic forecasting","Image recognition","Wind direction analysis","Text analysis","C"
"In Directional Data Analytics, what does the resultant length indicate in the context of circular data?","Variability of the data","Mean direction of the data","Skewness of the data","Kurtosis of the data","A"
"What technique is often used to identify the mean direction of a set of angles in Directional Data?","Vector addition","Linear regression","Histogram equalization","Principal Component Analysis","A"
"Which of the following is a challenge unique to Directional Data Analytics?","Dealing with multimodal distributions","Handling outliers","Wrapping of data points","Data normalization","C"
"In the context of wind data analysis, what does a rose plot help illustrate?","Frequency distribution","Mean wind direction and speed","Correlation between speed and direction","Temperature variation","B"
"What is the key property of a directional dataset?","The sum of all data points","The mean is always at the center","The data points are measured in degrees or radians","It always forms a circular distribution","C"
"Which of the following is an important consideration when analyzing directional data?","Data scaling","Normalization","Periodicity of the data","All of the above","C"
"What is the primary focus of Functional Data Analysis (FDA)?","Analyzing relationships between functions","Predicting future trends","Studying data where each observation is a function","Descriptive analysis of scalar data","C"
"In FDA, what is a common method for representing functional observations?","Frequency distribution","Basis function expansion","Linear regression","Cluster analysis","B"
"How does FDA typically handle the smoothness of curves?","Through derivative estimation","By using integral calculus","Via regularization techniques","By applying Fourier transforms","C"
"What distinguishes FDA from multivariate data analysis?","The nature of the data points","The use of derivatives in analysis","The dimensionality of the data","The type of distributions used","A"
"Which of the following is a common application of FDA?","Text classification","Growth curve analysis","Network traffic prediction","A/B testing","B"
"In FDA, what does a 'functional principal component analysis' do?","It reduces the dimensionality of functional data","It clusters functional data","It predicts future functional values","It tests hypotheses on functional data","A"
"Which technique is essential in FDA for dealing with noisy data?","Normalization","Smoothing","Standardization","Discretization","B"
"What is the role of a 'basis' in FDA?","To provide a foundation for building functional data objects","To estimate the mean function","To serve as an axis for plotting","To determine the periodicity of the data","A"
"In FDA, how is the 'inner product' used?","To calculate the mean of a function","To determine the similarity between functions","To integrate a functional object","To find the median of a set of functions","B"
"Which of the following is a challenge specific to FDA?","Handling high-dimensional data","Interpreting functional coefficients","Dealing with discontinuities in the data","All of the above","D"
"What is the null hypothesis in the context of hypothesis testing?","The hypothesis that there is an effect or difference","The hypothesis that there is no effect or difference","A type of alternative hypothesis","A theory based on sample data","B"
"In hypothesis testing, what is a Type I error?","Accepting a false null hypothesis","Rejecting a true null hypothesis","Failing to reject a false null hypothesis","Misinterpreting the data","B"
"What does the p-value represent in hypothesis testing?","Probability that the null hypothesis is true","Probability of observing the test statistic if the null hypothesis is true","Level of significance","Probability of making a Type I error","B"
"In hypothesis testing, what is 'statistical power'?","Probability of accepting the null hypothesis when it's true","Probability of rejecting the null hypothesis when it's false","The effect size","The significance level","B"
"Which test would you use for hypothesis testing of the mean of a normally distributed population when the population variance is known?","T-test","Z-test","Chi-square test","ANOVA","B"
"What is the purpose of an ANOVA test in hypothesis testing?","To compare means of two samples","To test the relationship between categorical variables","To compare the means of three or more groups","To analyze the variance within a single group","C"
"When performing multiple hypothesis tests, what issue might arise?","Underfitting","Overfitting","Observer bias","Alpha inflation","D"
"What does 'rejecting the null hypothesis' imply in the context of hypothesis testing?","The null hypothesis is definitely false","Evidence suggests the alternative hypothesis might be true","The alternative hypothesis is definitely true","The data is insufficient","B"
"In the context of hypothesis testing, what is a confidence interval?","A range of values where the mean of the population probably lies","A fixed point estimating the population mean","The range where the null hypothesis is rejected","The range where the p-value lies","A"
"In hypothesis testing, what technique is used to control the family-wise error rate in multiple comparisons?","ANOVA","T-test","Bonferroni correction","Post-hoc analysis","C"
"What is the primary purpose of simulation in risk analysis?","To eliminate all risks","To predict the exact outcome","To understand potential variability and outcomes","To calculate the mean outcome","C"
"In Monte Carlo simulation, what are the random variables used for?","To simulate deterministic systems","To represent known outcomes","To model the uncertainty of input variables","To calculate the mean outcome","C"
"What type of risk analysis method uses a combination of trees and probabilities?","Risk matrix","Decision tree analysis","Sensitivity analysis","SWOT analysis","B"
"Which of the following is a key benefit of simulation in risk analysis?","Reduces the need for data","Guarantees a risk-free outcome","Provides a range of possible outcomes","Simplifies complex systems to basic elements","C"
"In simulation, what is 'bootstrapping'?","Copying data from another source","A method for optimizing performance","A resampling technique for estimating a distribution","Reducing the size of the dataset","C"
"How is 'Value at Risk' (VaR) used in risk analysis?","To estimate the maximum loss over a given time","To calculate the expected profit","To determine the total value of assets at risk","To identify the least risky investment","A"
"What does 'sensitivity analysis' involve?","Changing all variables at once to see the effect","Analyzing the system under extreme conditions","Systematically changing one variable at a time to see the effect","Ignoring variable changes to focus on outcomes","C"
"In risk analysis, what is a 'scenario analysis'?","Analysis based on the most likely outcome","Analysis based on historical data","Analysis based on hypothetical situations","Analysis based on current trends","C"
"What role do probability distributions play in simulation?","They determine fixed input values","They are used to calculate the mean outcome","They model the randomness and uncertainty of inputs","They simplify the simulation to deterministic models","C"
"In risk analysis, what does a 'fat tail' imply about the distribution of a risk?","Less likelihood of extreme events","More predictability in outcomes","Higher likelihood of extreme events","Uniform distribution of risks","C"
"What is the primary goal of linear optimization?","To maximize or minimize a linear objective function","To calculate the average outcome","To model nonlinear relationships","To integrate multiple functions","A"
"In linear programming, what are 'constraints'?","Guidelines for optional conditions","The maximum and minimum values for the objective function","Conditions that the solution must satisfy","Suggestions for improving the model","C"
"What distinguishes nonlinear optimization from linear optimization?","The presence of constraints","The objective function is nonlinear","The use of integers only","The absence of an objective function","B"
"In integer optimization, what does 'integer' refer to?","The use of whole numbers only for certain variables","The precision of the calculations","The number of variables","The number of constraints","A"
"Which method is commonly used for solving linear programming problems?","Monte Carlo simulation","Simplex method","Decision tree analysis","Fourier transform","B"
"What is a 'global optimum' in the context of optimization?","The best solution for one part of the problem","The best solution considering all local optima","The average of all possible solutions","The first solution found","B"
"In nonlinear optimization, what is a 'convex function'?","A function where every local minimum is a global minimum","A function with no minimum","A function that always decreases","A function that models linear relationships","A"
"What role do 'slack variables' play in linear optimization?","They increase the complexity of the model","They convert inequalities to equalities","They represent unused resources","They are placeholders for future data","B"
"In optimization, what does 'feasible region' refer to?","The area where the objective function is maximized","The set of all possible solutions that satisfy the constraints","The most desirable set of solutions","The area outside the constraints","B"
"What is a common challenge in integer optimization?","Too few variables","Simplicity of the problems","Computational complexity and time to solve","Lack of real-world applications","C"
"What is the primary purpose of factor analysis?","To reduce the number of variables in a dataset","To increase the complexity of a model","To classify data into distinct categories","To predict the outcome of dependent variables","A"
"In factor analysis, what are 'factors'?","Variables that are directly measured","Hypothetical variables that explain patterns in the data","The most important variables in a dataset","Outcomes of the analysis","B"
"What distinguishes 'exploratory factor analysis' (EFA) from 'confirmatory factor analysis' (CFA)?","EFA seeks to identify the underlying structure, while CFA tests a hypothesis about the structure","EFA is used for small datasets, while CFA is used for large datasets","EFA uses linear models, while CFA uses nonlinear models","EFA predicts outcomes, while CFA describes data","A"
"What is 'factor loading' in the context of factor analysis?","The computational complexity of the analysis","The correlation between the observed variable and the factor","The weight of each factor in the final model","The number of factors extracted from the analysis","B"
"In factor analysis, what does 'rotation' refer to?","Turning the data into a new set of variables","Rotating the factors to achieve a simpler, more interpretable structure","Cycling through different models to find the best fit","Adjusting the variables for better visualization","B"
"How does factor analysis handle multicollinearity?","It ignores multicollinearity","It exacerbates multicollinearity","It helps identify and understand multicollinearity","It reduces the dataset to one variable","C"
"What is the 'Kaiser-Meyer-Olkin (KMO) Measure' used for in factor analysis?","To decide the number of factors to extract","To measure the sampling adequacy","To calculate factor loadings","To rotate the factors","B"
"What is a 'scree plot' used for in factor analysis?","To visualize the relationship between variables","To identify the optimal number of factors","To display the original data before analysis","To represent the complexity of the model","B"
"In factor analysis, what are 'communalities'?","The total variance that is explained by all the factors","The shared variance between variables","The unique variance of each variable","The proportion of variance that is unexplained","B"
"When applying factor analysis, what is a critical consideration?","The linearity of the data","The number of observations relative to the number of variables","The type of distribution of the data","The computational power available","B"
"What is the primary goal of data exploration and preparation?","To visualize the final results","To clean and transform raw data into an understandable format","To apply machine learning models directly","To test hypotheses","B"
"In data preparation, what does 'data cleaning' typically involve?","Removing all outliers","Transforming variables","Handling missing values and correcting inconsistencies","Changing the data type of all variables","C"
"What is 'feature scaling' in the context of data preparation?","Selecting the most important features","Reducing the number of features","Adjusting features to be on a similar scale","Dividing the dataset into features and labels","C"
"Why is 'data exploration' important before model building?","To increase the computational speed","To finalize the report","To understand the patterns, anomalies, and relationships in the data","To reduce the amount of data","C"
"What is a 'train-test split' used for in data preparation?","To clean the dataset","To visualize the data","To split the data into a training set for building the model and a test set for evaluation","To combine multiple datasets","C"
"In data preparation, what technique is used to deal with missing data points?","Data augmentation","Data merging","Imputation","Data reduction","C"
"What does 'feature engineering' involve?","Cleaning the dataset","Creating new features to improve model performance","Reducing the number of variables","Visualizing the data patterns","B"
"Which method is typically used for dealing with categorical variables in data preparation?","Normalization","Standardization","One-hot encoding","Principal Component Analysis","C"
"In the context of data exploration, what is 'descriptive statistics'?","A technique for hypothesis testing","A method for model building","A measure of central tendency and variability in the data","A form of predictive analytics","C"
"What is the purpose of a 'correlation matrix' in data exploration?","To calculate the mean of all variables","To define the structure of the dataset","To predict the outcome","To understand the strength and direction of relationships between pairs of variables","D"
"What does a positive covariance between two variables indicate?","No relationship","A negative relationship","Variables tend to move in the same direction","Variables tend to move in opposite directions","C"
"What is the main difference between covariance and correlation?","Covariance is standardized; correlation is not","Correlation is standardized; covariance is not","Covariance can be positive or negative; correlation is always positive","Covariance measures linear relationships; correlation measures any relationship","B"
"What does a Pearson correlation coefficient of -1 indicate?","No correlation","Perfect positive correlation","Perfect negative correlation","None of the above","C"
"In which scenario would you use Spearman's rank correlation instead of Pearson's correlation?","When the relationship between variables is linear","When data is normally distributed","When the relationship between variables is not linear and the data is ordinal","When the data is categorical","C"
"What does a correlation coefficient close to 0 indicate?","A perfect negative linear relationship","A perfect positive linear relationship","A very strong relationship","Little to no linear relationship","D"
"Why is it important to check for correlation between variables before regression analysis?","To speed up the calculation","To meet the assumption of multicollinearity","To ensure all variables are normally distributed","To simplify the interpretation of the model","B"
"How can 'correlation' be misleading in data analysis?","By indicating causation where it doesn't exist","By always being positive","By only measuring linear relationships","By reducing the variability of the data","A"
"What is 'partial correlation'?","Correlation adjusted for the effect of one variable","Correlation between three or more variables","Correlation that is not fully developed","The first step in a correlation analysis","A"
"When is it more appropriate to use the rank correlation instead of Pearson correlation?","When data is uniformly distributed","When data follows a bell curve","When data has outliers or is not normally distributed","When data is in a perfect linear relationship","C"
"What does it mean if two variables are 'uncorrelated'?","They are dependent","They are independent","There is no linear relationship between them","They have a perfect linear relationship","C"
"What is an 'outlier' in the context of data analysis?","A data point that falls within the normal range","A commonly occurring data point","A data point that differs significantly from other observations","The most frequent data point","C"
"How can outliers affect a regression analysis?","They have no effect","They can dramatically affect the slope of the regression line","They increase the accuracy of the model","They simplify the model interpretation","B"
"What is one common method for detecting outliers?","Linear regression","Z-score method","Pearson correlation","Factor analysis","B"
"In regression analysis, what does 'R-squared' represent?","The ratio of error","The predicted value","The proportion of variance in the dependent variable explained by the independent variables","The slope of the regression line","C"
"What is the purpose of regression analysis in data analytics?","To classify data into categories","To summarize the data","To understand the relationship between variables","To predict a categorical outcome","C"
"In a regression analysis, what is a 'residual'?","The difference between the observed value and the predicted value","The slope of the regression line","The mean of the dependent variable","A measure of how spread out the data is","A"
"What assumption is made about residuals in a linear regression model?","They are normally distributed","They are positively skewed","They increase as the prediction increases","They are the same for all values","A"
"Why might you perform a logarithmic transformation in regression analysis?","To make the data categorical","To create a linear relationship","To handle multiplicative relationships and stabilize variance","To increase the range of the data","C"
"What is 'multicollinearity' in the context of regression analysis?","When multiple regression lines are possible","When the independent variables are not correlated","When independent variables are highly correlated with each other","When there are multiple dependent variables","C"
"How is 'stepwise regression' used in the context of regression analysis?","To calculate the R-squared value","To predict the outcome for new data","To select the most significant variables","To check for outliers","C"
"What is 'time series analysis' in the context of forecasting?","Analysis over a series of steps","Analysis of cross-sectional data","Sequential analysis of data points spaced over time","Predicting future trends based on historical patterns","C"
"What distinguishes 'qualitative forecasting' from 'quantitative forecasting'?","Qualitative uses numeric data; quantitative does not","Qualitative is always more accurate","Qualitative relies on expert opinions and non-numeric information; quantitative relies on historical data and numerical methods","Qualitative is used for short-term forecasts; quantitative is for long-term forecasts","C"
"In the context of forecasting, what is 'Exponential Smoothing'?","A method that reduces all data points to a single average","A technique that applies decreasing weights to older data","A complex algorithm for time series prediction","A method to smooth out the peaks and troughs in data","B"
"What is the primary purpose of the 'ARIMA' model in time series forecasting?","To detect outliers","To classify data into different categories","To capture autocorrelation in the data","To perform regression analysis","C"
"What does 'seasonality' refer to in time series forecasting?","Trends that occur at regular intervals","Unpredictable movements in the data","Long-term trends","Cyclical patterns that don't repeat at fixed intervals","A"
"What is a 'moving average' used for in forecasting?","To calculate the total sum of all past data","To rapidly increase the sensitivity to recent changes","To smooth out short-term fluctuations and highlight longer-term trends","To predict the exact future value","C"
"How can 'trend analysis' be used in forecasting?","To identify the direction in which data is moving over time","To calculate the average of the data","To classify data into categories","To determine the underlying function of the data","A"
"What is 'forecast error'?","The difference between the predicted value and the actual value","A mistake made in the modeling process","An error that only occurs in qualitative forecasting","The total variance in the model","A"
"In forecasting, what is a 'confidence interval'?","A fixed range of values predicting the exact future","A range of values where the actual outcome is expected to fall, with a certain level of confidence","A measure of the accuracy of the forecast","An indication of the reliability of the data sources","B"
"What role does 'scenario planning' play in forecasting?","It predicts the exact outcome","It reduces the need for data analysis","It considers various possible future states to aid in planning","It simplifies the forecasting process","C"
"What is the probability of an impossible event?","0","0.5","1","Undefined","A"
"In probability theory, what does the 'sample space' represent?","A single outcome","The set of all possible outcomes","The desired event","The experimental setup","B"
"What is 'conditional probability'?","The likelihood of two independent events occurring","The probability of an event given that another event has occurred","The overall likelihood of an event","The probability of an event not occurring","B"
"What does 'independence' of two events mean in probability theory?","The occurrence of one event affects the other","The events occur together","The occurrence of one event does not affect the occurrence of the other","Both events have the same probability","C"
"What is the 'complement' of an event in probability?","The opposite outcome of the event","The subset of the sample space","The event with the highest probability","The set of outcomes not in the event","D"
"In probability, what is a 'random variable'?","A variable that changes unpredictably","A variable representing the outcome of a random phenomenon","A variable with fixed outcomes","A hypothetical concept without practical use","B"
"What is the 'expected value' of a random variable?","The most frequent outcome","The average of all possible outcomes, weighted by their probabilities","The highest possible outcome","The sum of all possible outcomes","B"
"What does the 'law of large numbers' state?","The average of a large number of trials tends to be small","The average of a large number of trials tends to be close to the expected value","Outcomes will vary more widely as more trials are conducted","The probability of an event changes as more trials are conducted","B"
"In probability, what is a 'trial'?","An error in an experiment","An attempt to prove a theory","A single performance of a random experiment","A long-term observation","C"
"What is meant by the 'union' of two events in probability?","The events occur at the same time","The events are mutually exclusive","Any outcome that is in either of the two events","The overlap of two events","C"
"What shape does the graph of a normal distribution have?","Skewed","Bimodal","Bell-shaped","Linear","C"
"In a binomial distribution, what are the two possible outcomes of each trial?","Positive or negative","Success or failure","High or low","Pass or fail","B"
"What parameter characterizes the Poisson distribution?","Mean and variance","Lambda (rate of occurrence)","Probability of success","Number of trials","B"
"How does the standard deviation affect the shape of a normal distribution?","Higher standard deviation results in a narrower peak","Higher standard deviation results in a wider spread","Standard deviation has no effect","Standard deviation only shifts the graph","B"
"In a binomial distribution, what does the parameter 'n' represent?","Probability of success","Total number of trials","Number of successes","Rate of occurrence","B"
"What is a key characteristic of the normal distribution?","It is skewed","Mean, median, and mode are all different","It is discontinuous","Mean, median, and mode are all the same","D"
"Which distribution would be best to model the number of typing errors per page in a book?","Normal","Binomial","Poisson","Uniform","C"
"What is the variance of a Poisson distribution with a mean (lambda) of 4?","2","4","8","16","B"
"In a binomial distribution with 10 trials and a probability of success of 0.5, what is the expected number of successes?","2","5","10","20","B"
"What distinguishes a continuous distribution from a discrete distribution?","Continuous distributions have no gaps between possible values","Discrete distributions can only have integer values","Continuous distributions are always symmetric","Discrete distributions are more common in real life","A"
"What is 'sampling' in the context of statistics?","Choosing a small part of the population to represent the whole","Predicting future trends","Collecting every possible data point","Ignoring outlier data","A"
"What does a 'confidence interval' represent?","A range of values within which the population parameter is likely to fall","The exact value of the population parameter","The spread of the sample data","The mean of the population data","A"
"In hypothesis testing, what is the 'null hypothesis'?","The prediction that there is a significant effect","The assumption that there is no effect or difference","The opposite of what the researcher expects","The average outcome of the experiment","B"
"What is 'type I error' in statistical hypothesis testing?","Correctly accepting the null hypothesis","Correctly rejecting the null hypothesis","Rejecting a true null hypothesis","Failing to reject a false null hypothesis","C"
"What is the purpose of 'statistical inference'?","To describe the sample data","To make predictions about the population from the sample","To collect more data","To prove the hypothesis without error","B"
"In sampling, what is 'bias'?","The preference of one outcome over another","The error introduced by the sampling method","The variability of the sample","The measure of central tendency","B"
"What is 'standard error'?","The standard deviation of a single sample","The error in the hypothesis test","The standard deviation of the sampling distribution","The average error in the measurements","C"
"What does the 'Central Limit Theorem' state about the sampling distribution of the mean?","It will be positively skewed","It will always be normal","It will approximate a normal distribution as sample size increases","It depends on the population size","C"
"What is the difference between 'point estimation' and 'interval estimation'?","Point estimation provides a range; interval estimation provides a single value","Point estimation is less accurate","Interval estimation provides a range; point estimation provides a single value","There is no significant difference","C"
"How can 'sampling error' be reduced?","By decreasing the sample size","By increasing the sample size","By using a biased sampling technique","By completely avoiding random sampling","B"
"What is 'predictive modeling' used for in data analytics?","Describing past data","Making informed guesses","Forecasting future events based on historical data","Reducing the size of the dataset","C"
"In predictive modeling, what is 'overfitting'?","When a model is too simple","When a model is too complex and captures the noise along with the underlying pattern","When the model is perfectly fit","When the model doesn't fit the data at all","B"
"What does Bayes’ Theorem provide?","The probability of an event based on prior knowledge of conditions related to the event","A way to calculate the mean of a dataset","A method to determine the standard deviation","A rule to decide the best model for prediction","A"
"In Bayes’ Theorem, what is the 'prior probability'?","The probability calculated after considering new evidence","The initial estimate of the probability of an event","The likelihood of the new evidence given the event","The probability of the event not occurring","B"
"What does the Central Limit Theorem imply for large sample sizes?","The sampling distribution of the mean will be skewed","The sampling distribution of the mean will be uniform","The sampling distribution of the mean will be approximately normal regardless of the population distribution","The sample mean will equal the population mean","C"
"How can 'cross-validation' be used in predictive modeling?","To estimate the accuracy of the model on unseen data","To calculate the mean of the dataset","To reduce the dimensionality of the dataset","To determine the best time for model deployment","A"
"In the context of Bayes’ Theorem, what is 'posterior probability'?","The probability before any evidence is considered","The revised probability after considering new evidence","The likelihood of the evidence itself","The ratio of the true positive rate to the false positive rate","B"
"What is a 'regression analysis' used for in predictive modeling?","To classify data into categories","To understand the relationship between variables and make predictions","To summarize data into groups","To find the mode of the dataset","B"
"In predictive modeling, what does 'validation' refer to?","Cleaning the dataset","Ensuring the model works well with data it wasn't trained on","Reducing the number of variables","Selecting the type of model to use","B"
"What is the significance of the 'law of large numbers' in relation to the Central Limit Theorem?","It ensures the sample mean equals the population mean","It guarantees the sample variance decreases","It ensures the sample distribution becomes less skewed","It implies that the sample mean will approach the population mean as the sample size increases","D"
"In a case study where a retailer used analytics to optimize inventory, what was a key outcome?","Decreased customer satisfaction","Increased inventory costs","Reduced stockouts and overstock","More time spent on manual analysis","C"
"In a business analytics case study focusing on customer segmentation, what technique is often used?","Regression analysis","Cluster analysis","Time series analysis","Descriptive statistics","B"
"How did predictive analytics help a financial institution in a case study?","By predicting stock prices accurately","By identifying fraudulent transactions","By reducing the number of employees","By increasing their data storage needs","B"
"In a marketing analytics case study, what might be an objective for using data analytics?","To reduce the number of marketing campaigns","To understand customer preferences and improve targeting","To completely automate marketing decisions","To eliminate the need for market research","B"
"A case study in supply chain management would likely show that business analytics can help in what way?","By eliminating the need for suppliers","By predicting exact future demand","By optimizing routes and inventory levels","By guaranteeing 100% customer satisfaction","C"
"How did a retailer use business analytics in a case study to improve sales?","By reducing the variety of products offered","By increasing prices across the board","By personalizing offers based on customer data","By ceasing online sales","C"
"In a healthcare analytics case study, how was patient care improved?","By increasing the number of patients per doctor","By using predictive analytics for better diagnosis and treatment plans","By reducing the use of technology in treatment","By ignoring historical patient data","B"
"In a case study where a company used analytics for risk management, what was a key benefit?","Increased risk","More frequent financial losses","Better understanding and mitigation of risks","Decreased investment in technology","C"
"What did a hospitality business learn from a case study in customer analytics?","Personal preferences and patterns to enhance guest experiences","That customer data is irrelevant","To reduce the number of services offered","To focus only on price competition","A"
"In a manufacturing analytics case study, what was an outcome of using predictive maintenance?","Increased machine downtime","Decreased production efficiency","Reduced unexpected machine failures","Higher employee turnover","C"
"What do 'summary statistics' typically help to describe?","Future trends","Individual data points","The central tendency and spread of a dataset","The exact predictions for new data","C"
"In summary statistics, what does the 'mean' represent?","The middle value of the data","The most frequently occurring value","The average value of the data","The difference between the highest and lowest values","C"
"What does the 'median' indicate in summary statistics?","The average of the data","The difference between Q1 and Q3","The middle value when the data is ordered","The value that occurs most frequently","C"
"How is 'range' defined in summary statistics?","Maximum value plus minimum value","Maximum value minus minimum value","The average of all values","The total spread of the data","B"
"What does the 'interquartile range' (IQR) measure?","The range of the middle 50% of the data","The average of the data","The frequency of the most common value","The total spread of the data","A"
"In summary statistics, what is 'variance' used to measure?","How data points vary from each other","How data points vary from the mean","The average of the dataset","The spread of the top 50% of the data","B"
"What does a high standard deviation in summary statistics indicate?","Data points are close to the mean","Data points are spread out from the mean","The mean is very high","The data is not valid","B"
"How does 'skewness' in summary statistics help in understanding a dataset?","It shows how peaked the distribution is","It indicates the range of the data","It indicates the symmetry or asymmetry of the data distribution","It measures the central tendency of the data","C"
"In summary statistics, what does 'kurtosis' indicate?","The spread of the data","The average of the data","The symmetry of the data","The peakedness or flatness of the distribution","D"
"What summary statistic might you use to understand the variability in a salary dataset?","Mean","Median","Mode","Standard deviation","D"
"How does data-driven decision-making typically affect a business's strategy?","It makes it more complex","It bases it more on intuition","It aligns it more closely with observed trends and behaviors","It disregards market conditions","C"
"In the context of business decisions, what does 'data granularity' refer to?","The size of the data","The age of the data","The detail level of the data","The reliability of the data","C"
"How can 'data visualization' aid in business decision-making?","By complicating the understanding of data","By providing an overview and easier interpretation of complex data","By replacing the need for statistical analysis","By focusing only on outlier data","B"
"When making decisions based on data, why is it important to understand 'sample bias'?","To ensure the data looks good","To ensure the decisions are based on all available data","To ensure the sample accurately represents the whole population","To make the decision-making process faster","C"
"What is the role of 'predictive analytics' in business decision-making?","To explain past behavior","To describe current data","To forecast future trends","To visualize complex datasets","C"
"How can 'A/B testing' inform business decisions?","By testing every possible decision simultaneously","By comparing two versions to determine which performs better","By ensuring that decisions are made quickly","By removing the need for data analysis","B"
"What is a 'confidence interval' and how does it aid in decision-making?","It is a predictive model for decision-making","It shows the range within which we can expect our estimate to lie, providing a measure of certainty","It is a rule that states all decisions must be 100% confident","It is a graphical representation of decisions","B"
"Why is understanding 'correlation vs causation' important in making business decisions based on data?","To create more data","To ensure that relationships between variables are correctly interpreted","To make the decision-making process more complex","To focus only on the strongest correlations","B"
"In decision-making, why might a business use 'scenario analysis'?","To predict the exact future","To understand potential outcomes under different conditions","To complicate the decision-making process","To focus on past data only","B"
"How does 'real-time data' impact business decision-making?","Slows down the decision process","Provides outdated information","Allows for quicker response and adaptation to current conditions","Increases the chance of errors","C"
"What is a 'population' in statistical terminology?","A group of people in a country","A sample from a dataset","The entire set of subjects or items of interest","A subset of data used for analysis","C"
"What does a 'normal distribution' in statistics represent?","A skewed distribution","A distribution with a peak at the mean","A distribution that is evenly spread","A distribution where most values cluster around a central point and taper off symmetrically","D"
"What is 'bias' in the context of statistics?","A preference for one outcome over others","An error that systematically skews results in one direction","A measure of how spread out data is","A statistical rule for decision-making","B"
"What does the 'mean' measure in descriptive statistics?","The middle value of a dataset","The most frequently occurring value","The 'average' value of a dataset","The difference between the highest and lowest values","C"
"How is 'median' different from 'mean' in descriptive statistics?","Median is less affected by extreme values","Median is the same as the mean","Median is always higher than the mean","Median is a measure of variability","A"
"What does 'mode' indicate in a dataset?","The least frequent value","The average of all values","The range of the data","The most frequently occurring value","D"
"What is the purpose of 'descriptive statistics'?","To make predictions about future data","To provide a summary and description of the data","To test hypotheses","To collect more data","B"
"What does 'standard deviation' tell you about a dataset?","How far the mean is from 0","How spread out the values are from the mean","How accurate the data is","How skewed the data is","B"
"In descriptive statistics, what is 'variance'?","A measure of how each data point differs from the mean","The average of all data points","The square root of the standard deviation","The difference between the highest and lowest values","A"
"Why is 'range' a useful measure in descriptive statistics?","It shows how data points are spread from the mean","It represents the average value of a dataset","It gives a quick sense of the spread of the data","It is the most complex measure of variability","C"
"What is an 'informative attribute' in the context of predictive modeling?","An attribute that is easy to understand","An attribute that has a lot of data","An attribute that significantly contributes to prediction accuracy","An attribute that is irrelevant to the model","C"
"How can 'information gain' be useful in selecting attributes?","By measuring the amount of noise","By identifying the least important attributes","By determining the reduction in entropy from the attribute split","By calculating the total data points","C"
"What is a common method for identifying informative attributes in a dataset?","Random selection","Using the attributes with the most data","Correlation analysis","Guessing based on intuition","C"
"Why is it important to identify informative attributes?","To increase the complexity of the model","To simplify the data collection process","To improve the performance and interpretability of the model","To use all available data","C"
"What does a high 'gain ratio' indicate about an attribute?","It is likely irrelevant","It is difficult to interpret","It is potentially very informative","It should be removed from the dataset","C"
"How might 'attribute selection' affect the outcome of predictive modeling?","Makes the model more complex","Decreases accuracy in all cases","Leads to more robust and simpler models","Always increases the time to build the model","C"
"In the context of decision trees, why are informative attributes at the top?","To increase computation time","To make the tree look balanced","Because they provide the most significant split based on a given criterion","To reduce the depth of the tree","C"
"What is a 'decision boundary' in relation to informative attributes?","A limit beyond which the attribute is not useful","A visual representation of the attributes","The point in the feature space where the classification changes","The maximum value of an attribute","C"
"How does 'dimensionality reduction' assist in identifying informative attributes?","By increasing the number of attributes","By simplifying the visualization of attributes","By focusing on the most relevant features and removing noise","By creating new attributes","C"
"What role does 'domain knowledge' play in identifying informative attributes?","It complicates the model unnecessarily","It is irrelevant in the context of machine learning","It can guide the selection of attributes based on understanding of the problem","It reduces the need for data analysis","C"
"What is 'segmenting data' in the context of predictive modeling?","Dividing data into smaller, manageable parts based on certain attributes","Combining all data into a single set","Ignoring certain parts of the data","Predicting future trends","A"
"How does 'progressive attributive modeling' work?","By randomly selecting attributes","By adding attributes one at a time based on their importance","By using all attributes from the start","By removing attributes one at a time","B"
"What is 'induction' in the context of machine learning?","Drawing specific conclusions from data","The act of charging a model","Generating general rules from specific instances","Predicting exact future instances","C"
"In the context of predictive modeling, what does 'prediction' refer to?","Understanding past trends","Describing the current state of the data","Making informed guesses about future data points","Combining different models","C"
"How can 'segmentation' improve prediction models?","By making them more complex","By reducing the need for data","By allowing models to capture more specific patterns within subsets of the data","By always increasing prediction accuracy","C"
"What is the first step in creating a progressive attributive model?","Selecting the most complex algorithm","Understanding the entire dataset in detail","Identifying the initial set of attributes to start building the model","Gathering as much data as possible","C"
"How does 'inductive bias' affect the performance of a predictive model?","It has no effect","It always improves performance","It is the set of assumptions the model makes to generalize beyond the data","It refers to the tendency of a model to overfit","C"
"What might 'over-segmentation' lead to in predictive modeling?","Simpler models","Better performance on unseen data","Overfitting due to very specific segments being created","Faster computation times","C"
"Why is it important to evaluate the 'predictive power' of segments created in data?","To ensure they are complex enough","To make the model run faster","To understand if the segments contribute to better predictions","To use all segments in the final model","C"
"In progressive attributive modeling, when should you stop adding attributes?","After a random number of attributes have been added","Once all attributes have been included","When the model starts to overfit or no longer improves significantly","Never stop adding attributes","C"
"What is 'supervised segmentation' in predictive modeling?","Dividing data based on labels provided in unsupervised learning","Randomly segmenting data","Using labeled data to guide how the data is segmented","Ignoring the labels in the data","C"
"How can visualization help in understanding data segmentations?","By making the data more complex","By showing the data in a less detailed manner","By providing a graphical representation of the segments and their relationships","By replacing the need for statistical analysis","C"
"What are 'trees as a set of rules' in the context of decision trees?","A random collection of rules","A complex algorithm without rules","A representation of the decision tree as if-then statements","A visualization technique","C"
"Why is supervised segmentation particularly useful for classification problems?","It ignores the labels in the data","It uses the labels to create segments that correspond to different classes","It makes the model less accurate","It reduces the need for data","B"
"How does 'tree pruning' relate to creating a set of rules in decision trees?","It involves adding more branches to the tree","It simplifies the tree by removing rules that have little impact","It makes the tree more complex","It is an alternative to creating rules","B"
"What might be a challenge when visualizing segmentations in high-dimensional data?","The data becomes simpler","It can be hard to represent multiple dimensions in a way that's easy to interpret","The visualizations always make the data clear","There are no challenges in visualizing high-dimensional data","B"
"How does 'supervised segmentation' differ from 'unsupervised segmentation'?","It is exactly the same","It uses unlabeled data only","It relies on the labels provided to guide the segmentation","It doesn't create meaningful segments","C"
"In the context of decision trees, how are 'rules' formulated?","Based on random choice","From the sequence of splits in the tree","By always choosing the first attribute","Without considering the tree structure","B"
"Why is it important to balance the complexity and simplicity of rules in a tree model?","Complex rules always lead to better models","Simple rules are always preferred","To ensure the model is both accurate and interpretable","To make the tree as large as possible","C"
"What is one way to visualize segmentations in a dataset with many attributes?","By creating a 3D model","Using techniques like PCA for dimensionality reduction before visualization","By listing all the data points","Ignoring the attributes","B"
"How is 'probability estimation' used in predictive modeling?","To guess the model's parameters randomly","To determine the certainty of the model's predictions","To increase the complexity of the model","To reduce the accuracy of the model","B"
"What is 'overfitting' in the context of machine learning?","When the model is too simple","When the model performs poorly on the training data","When the model is too complex and captures noise as if it were a signal","When the model's predictions are always correct","C"
"How can 'cross-validation' help in avoiding overfitting?","By using the entire dataset for training","By testing the model on unseen data to ensure it generalizes well","By making the model simpler","By increasing the size of the dataset","B"
"What does 'generalization' mean in the context of predictive modeling?","Making the model more complex","Ensuring the model performs well on unseen data","Focusing on the details of the training data","Using the model for a different task than it was trained for","B"
"What is the 'holdout method' in model evaluation?","Using all data for training","Using all data for testing","Splitting the data into a training set and a test set","Ignoring the test set","C"
"How does 'k-fold cross-validation' work?","By dividing the data into k parts and using each part once as a test set while the rest serves as the training set","By using a single test set multiple times","By training the model k times on the same data","By randomly selecting k data points for testing","A"
"What is a 'probability distribution' in the context of probability estimation?","A guess of different probabilities","A detailed list of all probabilities","A mathematical function that provides the probabilities of occurrence of different possible outcomes","A method to calculate the mean of the data","C"
"Why is it important to consider 'generalization' in predictive modeling?","To make the model more complex","To ensure the model is accurate on the training data","To ensure the model's usefulness on new, unseen data","To reduce the amount of data needed","C"
"What role does 'regularization' play in avoiding overfitting?","It makes the model more complex","It removes unnecessary data","It adds a penalty for more complex models to encourage simplicity","It increases the model's focus on the training data","C"
"In model evaluation, what is a key difference between the holdout method and cross-validation?","Holdout method is a type of cross-validation","Cross-validation uses all data for training and testing","Holdout method uses a single split; cross-validation uses multiple splits to utilize different parts of the data as both training and test sets","There is no difference","C"
"What metric would you use to evaluate a classifier’s ability to minimize false positives?","Accuracy","Precision","Recall","F1-Score","B"
"When evaluating a classifier, what does a Receiver Operating Characteristic (ROC) curve illustrate?","Precision vs. Recall","Actual vs. Predicted values","True positive rate vs. False positive rate","Sensitivity vs. Specificity","C"
"What is 'overfitting' in the context of classifier evaluation?","When a model performs well on the training data but poorly on unseen data","When a model is too simple","When the classifier predicts only one class","When the classifier has not been trained sufficiently","A"
"In the context of classifier evaluation, what is a 'confusion matrix'?","A matrix showing the classifier's performance across different thresholds","A technique to measure the complexity of the model","A table used to describe the performance of a classification model","A visualization tool for decision trees","C"
"What does the term 'false negative rate' refer to in classifier evaluation?","The rate at which the classifier incorrectly labels negatives as positives","The rate at which the classifier correctly identifies negatives","The rate at which the classifier incorrectly labels positives as negatives","The proportion of positives that are correctly identified","C"
"How does 'cross-validation' assist in evaluating classifiers?","By simplifying the model","By using different parts of the data as both training and testing sets","By increasing the speed of training","By reducing the number of features in the model","B"
"In classifier evaluation, what is 'Area Under the Curve' (AUC) used for?","To calculate the model's accuracy","To understand the classifier's threshold","To measure the classifier’s performance across all classification thresholds","To determine the best features for the classifier","C"
"What does a 'high recall' indicate about a classifier?","It correctly identifies a high proportion of positives","It has a low false positive rate","It has a high precision","It is overfitting the data","A"
"Why is 'stratified sampling' important when splitting data for evaluating a classifier?","To ensure each split has a proportionate representation of the classes","To increase the classifier's accuracy","To decrease the time needed for training","To simplify the classifier's decision boundary","A"
"In the context of evaluating classifiers, what does 'sensitivity' measure?","The ability of a test to correctly identify negatives","The ability of a classifier to identify all relevant instances","The proportion of positive identifications that are actually correct","The classifier's performance on unseen data","B"
"What is an 'analytical framework' in the context of decision analytics?","A software tool used for data analysis","A strategic plan for data collection","A structured approach to analyzing and interpreting data","A method for visualizing complex data","C"
"In decision analytics, why is establishing a 'baseline' important for evaluation?","To understand the worst-case scenario","To set targets for future performance","To have a point of reference for measuring improvement or change","To simplify the analytical process","C"
"What does 'performance' typically refer to in decision analytics?","Speed of the analytical process","Accuracy or effectiveness of the analytical methods or models","Complexity of the data analysis","Amount of data processed","B"
"How can the 'implications for investments in data' be evaluated in decision analytics?","By the volume of data collected","Through the quality and actionable insights derived from the data","By the number of analytical tools purchased","Through the speed of data collection","B"
"In decision analytics, what is a common method for 'evaluating classifiers'?","Using descriptive statistics","Comparing against predetermined benchmarks or metrics","Relying solely on expert opinions","Implementing the classifier without testing","B"
"What role does 'data quality' play in the analytical framework?","No significant role","It complicates the analysis","It's fundamental for deriving accurate and reliable insights","It's only important in large datasets","C"
"How can an organization ensure its analytical framework is effective for decision-making?","By using the most complex models","By regularly updating the data","Through continuous evaluation and refinement based on outcomes","By limiting the data used in the framework","C"
"What is a 'performance metric' in decision analytics?","A tool to measure the speed of analysis","A standard used to measure the effectiveness or efficiency of the model","The amount of data the model can handle","The complexity of the model","B"
"Why is understanding the 'implications for investments in data' crucial for businesses?","It ensures data is collected more quickly","It helps in justifying the costs associated with data initiatives and determining the potential ROI","It guarantees success in all analytical endeavors","It simplifies regulatory compliance","B"
"How might 'cross-validation' be used in the context of establishing a performance baseline?","To determine the maximum amount of data needed","As a method to ensure the baseline is achievable","To provide a more accurate estimate of model performance","To reduce the computational resources needed","C"
"How does Bayes' Rule help in combining evidence?","By averaging the probabilities","By subtracting one probability from another","By updating prior beliefs with new evidence","By disregarding inconsistent evidence","C"
"In the context of Bayes' Rule, what is a 'prior probability'?","The probability based on the new evidence","The probability before any evidence is considered","The probability after all evidence is considered","The likelihood of the evidence itself","B"
"What does the 'likelihood' in Bayes' Rule represent?","The probability of the hypothesis before seeing the evidence","The probability of seeing the evidence given the hypothesis is true","The overall probability of the hypothesis","The probability of the hypothesis after seeing the evidence","B"
"How can Bayes' Rule be applied to multiple pieces of evidence?","By treating each piece of evidence as independent and multiplying the likelihoods","By adding the likelihoods of each piece of evidence","By selecting only the strongest piece of evidence","By averaging the probabilities from each piece of evidence","A"
"What is the 'posterior probability' in Bayes' Rule?","The initial estimate of the probability","The probability after considering all evidence","The likelihood of the evidence","The probability of not having the evidence","B"
"In Bayes' Rule, what happens when a new piece of evidence is inconsistent with prior beliefs?","The posterior probability remains unchanged","The posterior probability increases greatly","The posterior probability is recalculated and often decreases","The evidence is ignored","C"
"Why is Bayes' Rule important in probabilistic reasoning?","It simplifies calculations","It ignores irrelevant information","It provides a systematic way to update beliefs based on new information","It guarantees correct predictions","C"
"How does Bayes' Rule handle conflicting pieces of evidence?","By prioritizing the most recent evidence","By giving equal weight to all evidence","By recalculating the posterior probability with each new piece of evidence","By disregarding all previous evidence","C"
"What role does 'normalization' play in Bayes' Rule?","It ensures that all probabilities add up to 1","It makes the calculations more complex","It reduces the importance of strong evidence","It increases the impact of weak evidence","A"
"In the application of Bayes' Rule, what is a common challenge when dealing with real-world data?","Determining the prior probabilities","Calculating the likelihood for each piece of evidence","Ignoring evidence","All of the above","D"
"What is 'probabilistic reasoning' in the context of data analysis?","Guessing the outcome based on probability","Using probability theory to infer conclusions from data","Ignoring uncertain data","Always choosing the most likely outcome","B"
"In probabilistic reasoning, what does 'marginalization' refer to?","Ignoring irrelevant data","Summing over the probabilities of certain variables to get the probability of another","Reducing the impact of outliers","Choosing only the most important variables","B"
"How is the KNIME tool used in data analytics?","For creating simple spreadsheets","For probabilistic reasoning and data mining","Only for database management","For text editing","B"
"What feature of KNIME makes it suitable for complex data analysis workflows?","Its ability to handle large text files","The graphical interface for creating data flows","Its exclusive focus on statistical analysis","The requirement for extensive programming knowledge","B"
"In KNIME, what is a 'node'?","A point where data is stored","A variable in a dataset","A component that performs a specific operation","An error in the data","C"
"How does KNIME support probabilistic reasoning?","By providing tools and nodes specifically for probability and statistics","By simplifying complex data","By removing the need for data analysis","By automatically choosing the best model","A"
"What is an advantage of using KNIME for data analysis?","It requires deep programming knowledge","It's text-based and requires no visual understanding","It allows for the easy combination of different types of analysis","It focuses only on probabilistic reasoning","C"
"In KNIME, how are different steps in an analysis process represented?","In a linear text file","As separate pages in a document","As connected nodes in a workflow","As individual reports","C"
"How can KNIME facilitate better understanding of probabilistic models?","By providing detailed programming control","Through its visualization capabilities of data and analysis results","By limiting the complexity of models","By focusing solely on the results","B"
"What is a typical use case for KNIME in the context of probabilistic reasoning?","Creating documents","Database management","Building and visualizing a probabilistic model","Simple calculations","C"
"What is the primary object type in Numpy?","List","DataFrame","Array","Dictionary","C"
"How can you create a 3x3 matrix with values ranging from 0 to 8 in Numpy?","np.matrix('0 1 2; 3 4 5; 6 7 8')","np.arange(9).reshape(3, 3)","np.array([[0, 1, 2], [3, 4, 5], [6, 7, 8]])","np.zeros((3,3))","B"
"In Numpy, what does 'np.linspace(1,10,4)' return?","An array with elements 1, 4, 7, 10","An array with 4 evenly spaced points between 1 and 10","An array with 4 ones","An error message","B"
"How do you check the number of dimensions of a Numpy array named 'arr'?","arr.dim()","arr.shape()","arr.ndim","len(arr)","C"
"What is the purpose of the 'numpy.ravel()' function?","To create a new array","To sort the array","To flatten the array into a 1D array","To merge two arrays","C"
"How can you find the mean of a Numpy array named 'arr'?","mean(arr)","arr.mean()","np.mean(arr)","arr.average()","C"
"If 'arr' is a Numpy array, what does 'arr[::2]' do?","Selects every third element","Selects all elements","Selects every second element starting from the first","Selects every element up to the second","C"
"In Numpy, what is 'broadcasting'?","Sending data over a network","Reducing an array's size","The ability to perform operations on arrays of different sizes","Multiplying an array by a scalar","C"
"How can you vertically stack two arrays, 'a' and 'b', in Numpy?","np.vstack(a, b)","np.hstack(a, b)","np.concatenate((a, b), axis=0)","np.stack(a, b)","C"
"What is the result of 'np.split(np.arange(9), 3)'?","An error","A list of 3 arrays, each with 3 elements","A single array with 3 elements","A list of 3 arrays, each with 9 elements","B"
"What is the primary use of the Scipy library?","Web development","Data manipulation","Scientific and technical computing","Machine learning","C"
"In Scipy, which sub-package would you use for optimization tasks?","scipy.optimize","scipy.integrate","scipy.linalg","scipy.stats","A"
"How can you find the determinant of a matrix using Scipy?","np.linalg.det(matrix)","scipy.det(matrix)","scipy.linalg.det(matrix)","matrix.determinant()","C"
"What is 'scipy.stats' primarily used for?","Matrix operations","Web scraping","Statistical functions and probability distributions","Optimization problems","C"
"In Scipy, how do you solve a system of linear equations, Ax = b?","np.solve(A, b)","scipy.linalg.solve(A, b)","A.solve(b)","scipy.solve(A, b)","B"
"What does 'scipy.integrate.quad()' function do?","Calculates the determinant","Solves quadratic equations","Performs numerical integration","Generates random numbers","C"
"In Scipy, which function can you use to compute the inverse of a matrix?","np.inverse(matrix)","scipy.inverse(matrix)","scipy.linalg.inv(matrix)","matrix.inv()","C"
"How can you interpolate a function between two points using Scipy?","Using scipy.interpolate.interp1d","Using scipy.integrate.quad","Using scipy.stats.interpolation","Using scipy.solve.interp","A"
"What is the purpose of the 'scipy.fftpack' module?","To perform file operations","To manipulate data frames","To work with frequencies and Fourier Transforms","To handle images and graphics","C"
"How can you calculate the Pearson correlation coefficient between two arrays using Scipy?","scipy.stats.pearsonr(array1, array2)","scipy.correlation(array1, array2)","scipy.stats.correlation(array1, array2)","np.corrcoef(array1, array2)","A"
"What is the primary data structure in Pandas used for data manipulation?","Array","Series","DataFrame","List","C"
"How do you read a CSV file into a Pandas DataFrame?","pd.read_csv('file.csv')","pd.csv_read('file.csv')","pd.open('file.csv')","pd.dataframe('file.csv')","A"
"In Pandas, how do you select the first 5 rows of a DataFrame named 'df'?","df.head()","df.first(5)","df[0:5]","All of the above","A"
"How can you check for missing values in a Pandas DataFrame 'df'?","df.isna()","df.isnull()","df.missing()","Both A and B","D"
"If 'df' is a Pandas DataFrame, what does 'df.describe()' return?","A full description of the DataFrame","A count of missing values","Descriptive statistics for the DataFrame","The first and last 5 rows","C"
"In Pandas, how can you drop rows with missing values from DataFrame 'df'?","df.dropna()","df.remove_nulls()","df.drop_nulls()","df.delete_missing()","A"
"What is a 'GroupBy' object in Pandas?","A way to combine different DataFrames","An error message","A way to iterate over rows","An object representing groups of data according to certain criteria","D"
"How can you change the index of a DataFrame 'df' to be the column 'date'?","df.set_index('date')","df.index('date')","df.change_index('date')","df.reindex('date')","A"
"In Pandas, what does 'df.merge(other_df)' do?","Deletes other_df","Combines df with other_df based on common columns","Splits df into multiple DataFrames","None of the above","B"
"How can you pivot data in a DataFrame 'df' from long to wide format?","Using df.pivot()","Using df.wide()","Using df.long_to_wide()","Using df.transform()","A"












